factor,df,sum_sq,F,p_value,partial_eta2,mimii_partial_eta2
SNR/Section,2,3.390820335202236,292.41423171922696,2.4280034966986895e-83,0.5533806891760654,0.655
Machine type,1,1.3120064269388056,226.28704172916156,4.632626388639118e-42,0.32406020476738207,0.829
Algorithm,3,0.04385038444526173,2.5210175730507385,0.05727572043835263,0.0157707160221565,0.031
Dirichlet alpha,1,0.028477856301094933,4.911690769837596,0.027151651310120976,0.010298952332053498,0.014
