factor,levels,min_level,min_mean,max_level,max_mean,range
SNR/Section,3,00,0.5558341138763219,02,0.754032812889733,0.19819869901341114
Machine type,2,ToyTrain,0.6187313532494209,ToyCar,0.7232941902956519,0.10456283704623104
Algorithm,4,fedprox,0.6545533668771042,personalized,0.6781244849991654,0.023571118122061252
Dirichlet alpha,2,100.0,0.6633102483357691,0.05,0.6787152952093034,0.015405046873534278
