machine_type,section,mean,std,count
ToyCar,00,0.6414370928074409,0.08764510217426147,80
ToyCar,01,0.7874260975215329,0.06237211279021832,80
ToyCar,02,0.7410193805579817,0.07164835455196071,80
ToyTrain,00,0.47023113494520274,0.04531328608084995,80
ToyTrain,01,0.6189166795815753,0.046521829926188314,80
ToyTrain,02,0.7670462452214843,0.040983011687898634,80
