comparison,mode,algorithm,n_pairs,delta_mean,delta_std,delta_sem,delta_ci95,cohen_dz,t_stat,p_value,p_holm
federated_train_minus_central,federated_train,clustered_fl,135,0.0002325044655588076,0.004445507230031619,0.00038260834371904725,0.0007499123536893326,0.05230099818264245,0.6076826848541957,0.5444264291431611,1.0
federated_train_minus_central,federated_train,fedavg,135,0.00024450977743847754,0.0046013039049693704,0.0003960171865507895,0.0007761936856395474,0.053139236722531846,0.6174221365696183,0.5380041105959241,1.0
federated_train_minus_central,federated_train,personalized,135,-7.859047425449801e-05,0.004189290470139887,0.00036055671607282717,0.0007066911635027413,-0.018759853205374356,-0.21796979712513215,0.8277842253575827,1.0
local_site_minus_central,local_site,clustered_fl,135,0.010460910428423512,0.022336220165676872,0.00192239574930864,0.0037678956686449344,0.4683384364422747,5.441600894189253,2.431718790750517e-07,1.4590312744503101e-06
local_site_minus_central,local_site,fedavg,135,0.01305614987676269,0.030708771512614107,0.0026429902366854044,0.005180260863903392,0.4251602794139672,4.9399160449175605,2.288720785066871e-06,1.1443603925334355e-05
local_site_minus_central,local_site,personalized,135,0.010679367677548613,0.027307625568483252,0.0023502662011378552,0.004606521754230196,0.3910763918586195,4.543897058289959,1.21966627112819e-05,4.87866508451276e-05
