machine_type,db_level,n_runs,mean_run_auroc,mean_site_dispersion,ci95_site_dispersion,mean_worst_site_auroc,mean_best_site_auroc
fan,-6dB,135,0.6187109272715418,0.13125832910312166,0.014499290186023552,0.37683012448881975,0.779657904136943
fan,0dB,135,0.793560587797714,0.13377559179104398,0.017056298602161034,0.5248320690280134,0.9308647359961911
fan,6dB,135,0.913009926193605,0.10481862001290922,0.016760404496089475,0.6681647862868642,0.9889567178816536
slider,-6dB,135,0.8903422149663954,0.09365148608313796,0.016319397426686127,0.7053093270225461,0.9796388731428338
slider,0dB,135,0.9510051215629414,0.057539177557652046,0.012298618221860907,0.8419816788518649,0.997242305860138
slider,6dB,135,0.9672142205915364,0.04379500521449421,0.01005355847784305,0.884583771164256,0.9994632804217518
valve,-6dB,135,0.48351198855508454,0.10625046443480524,0.012619081873970294,0.31855491348548076,0.637472203837159
valve,0dB,135,0.5694148423506411,0.09540725017913901,0.013364473454064694,0.3767343438825552,0.6877903112307663
valve,6dB,135,0.6691387701786832,0.11304660714785883,0.015559728425763118,0.4552987248763453,0.8125871775124752
