machine_type,db_level,n_runs,mean_normal_error,mean_anomaly_error,mean_error_delta,ci95_error_delta,mean_cohen_d,mean_error_ratio
fan,-6dB,135,0.46691301279741354,0.5105766937235804,0.043663680926166876,0.012622063743313133,0.3203368320329903,1.0907170554497791
fan,0dB,135,0.47603799920792156,0.6059928250962358,0.12995482588831417,0.02348856574386274,0.8135410518410594,1.2555171227767872
fan,6dB,135,0.4378518270545727,0.7178824995257013,0.28003067247112845,0.05408207501942007,1.2072395754692908,1.5617102940167156
slider,-6dB,135,0.4406162258057014,0.7265780346387632,0.2859618088330618,0.0064493047553953265,1.7163321815217192,1.6492666080148073
slider,0dB,135,0.4446317637003033,1.0401571709827935,0.5955254072824901,0.015978235118116066,1.9738880917068105,2.3387292132946773
slider,6dB,135,0.4235490239715956,1.366377745597153,0.9428287216255575,0.0348908217269911,1.936757858088682,3.2229109215704885
valve,-6dB,135,0.43209340717328654,0.4478953788131717,0.01580197163988522,0.008832589035858577,0.07660695456260752,1.03748638123364
valve,0dB,135,0.42060021399753855,0.4478102024171355,0.02720998841959692,0.004371608711280656,0.2891767329750655,1.0652264930153856
valve,6dB,135,0.3848213621022934,0.4361731916534682,0.05135182955117479,0.004245276304779609,0.5884458284764541,1.133575737256301
