machine_type,db_level,n_runs,mean_ari,ci95_ari,mean_min_ari,mean_final_ari
fan,-6dB,45,0.8474488465508573,0.07311392303889892,0.43215892106600856,0.9411284504509507
fan,0dB,45,0.8182025463440864,0.08038943658488557,0.42031900546982887,0.8960688429496053
fan,6dB,45,0.7176456699140287,0.10696431310976105,0.2908223845497794,0.7311010565945224
slider,-6dB,45,0.8315906746221018,0.07760198104063436,0.4692874112865809,0.9101478401937958
slider,0dB,45,0.8842859038638954,0.0726997516718187,0.47420312169308954,0.9251294305057746
slider,6dB,45,0.8919603741771731,0.06632568393950679,0.42470272562265543,0.9396793475224847
valve,-6dB,45,0.8499307180660955,0.07885917924718913,0.5886365215205667,0.8479935748419536
valve,0dB,45,0.8206368385257685,0.08746677446256027,0.5679037197557351,0.8026736967729703
valve,6dB,45,0.8012649924174813,0.09359649041297104,0.566320762507071,0.7996131657099362
