alpha_slug,comparator,comparator_label,n_pairs,delta_mean,delta_std,delta_ci95,delta_min,delta_max
a0p05,clustered_fl,Clustered FL,120,0.002985535137720525,0.053969346484350686,0.009656341304541727,-0.13617883648301565,0.1885017433693571
a0p05,fedavg,FedAvg,120,0.010401467522252726,0.06066011300649012,0.010853471329925939,-0.1476079330181873,0.17021276918941863
a0p05,fedprox,FedProx,120,0.01761551457046262,0.051780410019213095,0.009264690877433911,-0.1912840092413347,0.15459022880643053
a0p05,personalized,Personalized FL,120,-0.002940340256408654,0.057211494345228174,0.01023643516047717,-0.20658467444285034,0.16393188966960603
a100,clustered_fl,Clustered FL,120,-0.032527412027724675,0.033791422754341646,0.006046052667630449,-0.11078961248851626,0.1316018883948783
a100,fedavg,FedAvg,120,-0.03235665420252601,0.03696649301792901,0.006614144818607135,-0.12832162495102584,0.13036016838334874
a100,fedprox,FedProx,120,-0.010344776941573383,0.018390727209533317,0.0032905186062512424,-0.051550487034854875,0.03328925260339416
a100,personalized,Personalized FL,120,-0.03802009266017843,0.03364647391447505,0.006020118029532596,-0.13311549324380034,0.08985034294060801
