algorithm,algorithm_label,alpha_slug,n,auroc_mean,auroc_std,auroc_ci95,auroc_min,auroc_max
centralized_pooled,Centralized pooled,pooled,120,0.7618029189167289,0.13789672710332612,0.02467285502660441,0.513428999065858,0.9658182957029456
local_only,Local only,a0p05,120,0.732480927530626,0.13624695680547116,0.024377673667037594,0.40159668686159,0.9578134805126839
local_only,Local only,a100,120,0.7128115608420648,0.1473747856263173,0.02636869486837389,0.4454192451766774,0.9196058430563866
