factor,term,df,sum_sq,f_stat,p_value,partial_eta2,magnitude
Machine type,C(machine_type),1,2.625731212036011,907.0259808564398,5.377230687600085e-44,0.9226876995318205,large
SNR,C(db_level),1,0.32130054122226775,110.98925023854862,1.627504337009782e-16,0.5935595233253025,large
Dirichlet alpha,C(alpha),1,0.10085919603401583,34.8405468129426,9.383520528216986e-08,0.31433034042804225,large
