factor,term,df,sum_sq,f_stat,p_value,partial_eta2,magnitude
Machine type,C(machine_type),1,14.967165025455538,4398.235735697078,2.1380438276144256e-212,0.9197028291320677,large
SNR,C(db_level),1,0.8094629107595929,237.86793923693358,4.148795340266862e-42,0.3825055517877489,large
FedProx mu,C(fedprox_mu),4,0.7865614893847117,57.78453777070024,3.7412995444208904e-38,0.3757499850658564,large
Dirichlet alpha,C(alpha),1,0.3663829801025786,107.66492607636006,2.120644347467293e-22,0.21898028589421634,large
Machine x mu,C(machine_type):C(fedprox_mu),4,0.10739671939697043,7.889872403107453,4.0422688937181585e-06,0.07594457689286235,medium
Alpha x mu,C(alpha):C(fedprox_mu),4,0.02978949768920064,2.1884777955991037,0.069669075514358,0.022288539803569433,small
