fedprox_mu,n,auroc_mean,auroc_ci95,auroc_std,auroc_min,auroc_max
0.0,80,0.7323268408093289,0.04488015834941297,0.20167313785485644,0.33899241710348627,0.9999235735765458
0.001,80,0.7416940891802686,0.045261326630004824,0.20338595273842303,0.330836854580776,0.9995633181881954
0.01,80,0.7076352988300119,0.05008693328681033,0.22507026207072245,0.303275817841023,0.9997981259878962
0.1,80,0.6680794226892064,0.051009919750112126,0.22921778701487325,0.330649614311574,0.9903479226322212
1.0,80,0.6216747217331491,0.04302795504648834,0.1933500911949548,0.3342926560542917,0.9036963706050102
