factor,term,df,sum_sq,f_stat,p_value,partial_eta2,magnitude
Machine type,C(machine_type),1,3.2771463561879832,1767.717444889498,5.896659208255041e-86,0.9203422656429289,large
SNR,C(db_level),1,0.6330158479012843,341.45351949683555,8.247660851015749e-41,0.6905674770892613,large
Algorithm,C(algorithm),3,0.04005087264001186,7.201247523892533,0.00014896447114504409,0.123730123154771,medium
Dirichlet alpha,C(alpha),1,0.03403302095970265,18.35766801783489,3.223644054081402e-05,0.1071307063768178,medium
