factor,term,df,sum_sq,f_stat,p_value,partial_eta2,magnitude
Machine type,C(machine_type),1,3.7548923214258956,1394.380178581443,9.03456892280982e-79,0.9011232002853609,large
SNR,C(db_level),1,0.32506957889251575,120.71466733709532,4.5578851440430305e-21,0.44102374385523263,large
Algorithm,C(algorithm),3,0.03136053302472473,3.8819138602993988,0.01039912943673416,0.07073211532274035,medium
Dirichlet alpha,C(alpha),1,0.0015755410258696731,0.5850775438961949,0.44550714189794727,0.0038094686883168956,small
