term,eta2_point,ci_lo,ci_hi
Machine type,0.32406020476738207,0.23275819012107732,0.43453696606492115
Condition (SNR/section),0.5533806891760654,0.49238755457888345,0.6219115915534533
Algorithm,0.0157707160221565,0.010890090038582023,0.024681691140888085
Dirichlet alpha,0.010298952332053498,5.315736502813441e-05,0.06233222677777695
