term,df,partial_eta2,p_value
Machine type,1,0.32406020476738207,4.632626388639118e-42
Condition (SNR/section),2,0.5533806891760654,2.4280034966986895e-83
Algorithm,3,0.0157707160221565,0.05727572043835263
Dirichlet alpha,1,0.010298952332053498,0.027151651310120976
