term,df,partial_eta2,p_value
Machine type,1,0.32486525878222683,3.735479100224822e-41
Condition (SNR/section),2,0.554288273366015,1.9161694476550408e-81
Algorithm,3,0.015827828546196427,0.06162290457782432
Dirichlet alpha,1,0.0103364573589776,0.02888713548174467
Algorithm x Machine,3,0.00022479195476397655,0.9914106872766572
Algorithm x Condition,6,0.0020439811801767002,0.987601839474612
Algorithm x Alpha,3,0.001404683904783472,0.8855212179723968
