term,df,partial_eta2,p_value
Machine type,3,0.8326574484846134,0.0
Condition (SNR/section),2,0.6612283708432507,0.0
Algorithm,3,0.03220980535912636,2.509121140856135e-40
Dirichlet alpha,5,0.014429748115730225,1.8802687986312343e-16
Algorithm x Machine,9,0.02252415240720238,1.0290057743353376e-23
Algorithm x Condition,6,0.0017722246495314514,0.11877507590149394
Algorithm x Alpha,15,0.0009879592298959049,0.9849597365655757
