term,eta2_point,ci_lo,ci_hi
Machine type,0.8290769215665469,0.8157995595057993,0.8468918564286108
Condition (SNR/section),0.6554974583764105,0.6105859034687692,0.7020817093584923
Algorithm,0.03142492899105164,0.015028223735263392,0.05486099625112421
Dirichlet alpha,0.014071829826209291,0.007180344696870009,0.02488940491097224
