term,df,partial_eta2,p_value
Machine type,3,0.8290769215665469,0.0
Condition (SNR/section),2,0.6554974583764105,0.0
Algorithm,3,0.03142492899105164,1.561567576982187e-39
Dirichlet alpha,5,0.014071829826209291,4.168073026750038e-16
