comparison,n_pairs,mean_delta,ci95,median_delta,cohen_dz,wilcoxon_stat,p_value,p_holm
Clustered FL,1440,0.007941440799772695,0.001098655624164702,0.0055765753337888024,0.37365431728589454,174827.0,2.770697086233712e-105,2.770697086233712e-105
FedAvg,1440,0.008154263083345104,0.0007081603720608273,0.005033044673030396,0.5952307838650176,114752.0,1.5944762394869726e-144,4.783428718460918e-144
FedProx,1440,0.02600718797987225,0.001781457002251466,0.02555236568877861,0.754658272781856,118054.0,3.3310109852654364e-142,6.662021970530873e-142
