seed_group_var,residual_var,seed_icc
0.0049456192495367915,0.05248975291355087,0.08610755120544379
