factor,df,sum_sq,f_stat,p_value,partial_eta2
Machine type,3,2445.757089394004,14245.180500146214,0.0,0.8821903264520438
SNR,2,1331.5281013332133,11633.120615347996,0.0,0.8030251446650828
Machine x SNR,6,465.1484245243943,1354.615978717334,0.0,0.5874864143978059
Algorithm,3,19.6563727918637,114.48748512782204,5.428548252804311e-72,0.056766314627383005
Dirichlet alpha,5,17.84607406718959,62.36609859789883,1.6126745573564296e-63,0.05180915019166971
Machine x Algorithm,9,9.065322434959427,17.600160830637915,4.2767376377510773e-29,0.027006070921865296
Machine x SNR x Algorithm,18,2.486791944084123,2.414030967030418,0.000714258888435647,0.007556371776440602
SNR x Algorithm,6,0.45876634563410246,1.336029941258294,0.2371260288955734,0.0014026521352812915
