factor,best_condition,best_mean,worst_condition,worst_mean,range,n_per_condition
Algorithm,Personalized,0.7463289386032391,FedProx,0.7203217506233669,0.026007187979872226,1440
Machine type,slider,0.8664610563467059,valve,0.5488494287870622,0.31761162755964367,1440
SNR,6~dB,0.8228766207012839,$-6$~dB,0.6443942193070425,0.17848240139424132,1920
Dirichlet alpha,\texttt{a0p5},0.7427502585100381,\texttt{a0p1},0.7265823661534374,0.016167892356600655,960
