factor,df,sum_sq,f_stat,p_value,partial_eta2
Machine type,3,78.0990388745417,9290.487149703697,0.0,0.8290769215665469
SNR,2,30.635865275855217,5466.561114585614,0.0,0.6554974583764105
Algorithm,3,0.5223872724803273,62.14202264311444,1.561567576982187e-39,0.03142492899105164
Dirichlet alpha,5,0.22980362131245488,16.402155172652364,4.168073026750038e-16,0.014071829826209291
